method,law_accuracy,law_macro_recall,law_micro_recall,law_macro_precision,law_micro_precision,law_macro_f1,law_micro_f1,accu_accuracy,accu_macro_recall,accu_micro_recall,accu_macro_precision,accu_micro_precision,accu_macro_f1,accu_micro_f1,term_accuracy,term_macro_recall,term_micro_recall,term_macro_precision,term_micro_precision,term_macro_f1,term_micro_f1
MPBFN,0.727716924,0.505463968,0.727716924,0.532451358,0.727716924,0.487350817,0.727716924,0.754053909,0.561456132,0.754053909,0.592797645,0.754053909,0.551504036,0.754053909,0.383707403,0.335151938,0.383707403,0.356138121,0.383707403,0.335177572,0.383707403
TopJudge,0.773540414,0.607265517,0.773540414,0.629403632,0.773540414,0.596312804,0.773540414,0.815426332,0.680874701,0.815426332,0.70224733,0.815426332,0.672683408,0.815426332,0.37329521,0.327830854,0.37329521,0.345940362,0.37329521,0.327965139,0.37329521
CTM,0.811001038,0.694248836,0.811001038,0.683738921,0.811001038,0.665903909,0.811001038,0.870333083,0.778457134,0.870333083,0.766130086,0.870333083,0.756379005,0.870333083,0.371062428,0.315858728,0.371062428,0.343756172,0.371062428,0.31604413,0.371062428
MTL,0.770582761,0.607599506,0.770582761,0.632139953,0.770582761,0.595975703,0.770582761,0.817225086,0.683143944,0.817225086,0.715372447,0.817225086,0.675689666,0.817225086,0.3772999,0.328252705,0.3772999,0.350333469,0.3772999,0.325395473,0.3772999
